<?xml version="1.0" encoding="utf-8"?>
<!--
	DeviceOSURL {0} is the placeholder for version, {1} is the placeholder for ".desktop" when debrick is requested instead of core.
    DeviceRadioURL {0} is the placeholder for the radio version
    These values are used in various places including the downloads section.  Duplicates are ignored so there's no fear of downloading the same file multiple times.
    Downloadonly of 1 will exclude from device list drop downs but will select alternate URLs if version is between AfterOSVer and BeforeOSVer
    FriendlyName - if populated it'll use that when doing the SW search downloads.  Again version matching applies.  So only one Classic is needed, one Z30, etc.
-->
<ArrayOfDeviceListItem xmlns:xsi="http://www.w3.org/2001/XMLSchema-instance" xmlns:xsd="http://www.w3.org/2001/XMLSchema">
  <DeviceListItem>
    <Name>SQC100-1 Classic</Name>
    <DeviceID>9600270A</DeviceID>
    <DeviceOSURL>/com.qnx.coreos.qcfm.os.qc8960.factory_sfi{1}/{0}/qc8960.factory_sfi{1}-{0}-nto+armle-v7+signed.bar</DeviceOSURL>
    <DeviceRadioURL>/com.qnx.qcfm.radio.qc8960.wtr5/{0}/qc8960.wtr5-{0}-nto+armle-v7+signed.bar</DeviceRadioURL>
    <DownloadOnly>0</DownloadOnly>
    <AfterOSVer>0.0.0.0</AfterOSVer>
    <BeforeOSVer>99.9.9.9</BeforeOSVer>
    <FriendlyName>Classic/Z30/Leap</FriendlyName>
  </DeviceListItem>
  <DeviceListItem>
    <Name>SQC100-2 Classic</Name>
    <DeviceID>9400270A</DeviceID>
    <DeviceOSURL>/com.qnx.coreos.qcfm.os.qc8960.factory_sfi{1}/{0}/qc8960.factory_sfi{1}-{0}-nto+armle-v7+signed.bar</DeviceOSURL>
    <DeviceRadioURL>/com.qnx.qcfm.radio.qc8960.wtr5/{0}/qc8960.wtr5-{0}-nto+armle-v7+signed.bar</DeviceRadioURL>
    <DownloadOnly>0</DownloadOnly>
    <AfterOSVer>0.0.0.0</AfterOSVer>
    <BeforeOSVer>99.9.9.9</BeforeOSVer>
    <FriendlyName></FriendlyName>
  </DeviceListItem>
  <DeviceListItem>
    <Name>SQC100-3 Classic</Name>
    <DeviceID>9500270A</DeviceID>
    <DeviceOSURL>/com.qnx.coreos.qcfm.os.qc8960.factory_sfi{1}/{0}/qc8960.factory_sfi{1}-{0}-nto+armle-v7+signed.bar</DeviceOSURL>
    <DeviceRadioURL>/com.qnx.qcfm.radio.qc8960.wtr5/{0}/qc8960.wtr5-{0}-nto+armle-v7+signed.bar</DeviceRadioURL>
    <DownloadOnly>0</DownloadOnly>
    <AfterOSVer>0.0.0.0</AfterOSVer>
    <BeforeOSVer>99.9.9.9</BeforeOSVer>
    <FriendlyName></FriendlyName>
  </DeviceListItem>
  <DeviceListItem>
    <Name>SQC100-4 Classic</Name>
    <DeviceID>9700270A</DeviceID>
    <DeviceOSURL>/com.qnx.coreos.qcfm.os.qc8960.factory_sfi{1}/{0}/qc8960.factory_sfi{1}-{0}-nto+armle-v7+signed.bar</DeviceOSURL>
    <DeviceRadioURL>/com.qnx.qcfm.radio.qc8960.wtr5/{0}/qc8960.wtr5-{0}-nto+armle-v7+signed.bar</DeviceRadioURL>
    <DownloadOnly>0</DownloadOnly>
    <AfterOSVer>0.0.0.0</AfterOSVer>
    <BeforeOSVer>99.9.9.9</BeforeOSVer>
    <FriendlyName></FriendlyName>
  </DeviceListItem>
  <DeviceListItem>
    <Name>SQC100-5 Classic</Name>
    <DeviceID>9C00270A</DeviceID>
    <DeviceOSURL>/com.qnx.coreos.qcfm.os.qc8960.factory_sfi{1}/{0}/qc8960.factory_sfi{1}-{0}-nto+armle-v7+signed.bar</DeviceOSURL>
    <DeviceRadioURL>/com.qnx.qcfm.radio.qc8960.wtr5/{0}/qc8960.wtr5-{0}-nto+armle-v7+signed.bar</DeviceRadioURL>
    <DownloadOnly>0</DownloadOnly>
    <AfterOSVer>0.0.0.0</AfterOSVer>
    <BeforeOSVer>99.9.9.9</BeforeOSVer>
    <FriendlyName></FriendlyName>
  </DeviceListItem>
  <DeviceListItem>
    <Name>SQN100-1 Q10</Name>
    <DeviceID>8400270a</DeviceID>
    <DeviceOSURL>/com.qnx.coreos.qcfm.os.qc8960.factory_sfi{1}/{0}/qc8960.factory_sfi{1}-{0}-nto+armle-v7+signed.bar</DeviceOSURL>
    <DeviceRadioURL>/com.qnx.qcfm.radio.qc8960.wtr/{0}/qc8960.wtr-{0}-nto+armle-v7+signed.bar</DeviceRadioURL>
    <DownloadOnly>0</DownloadOnly>
    <AfterOSVer>0.0.0.0</AfterOSVer>
    <BeforeOSVer>99.9.9.9</BeforeOSVer>
    <FriendlyName>Q10/Q5</FriendlyName>
  </DeviceListItem>
  <DeviceListItem>
    <Name>SQN100-2 Q10</Name>
    <DeviceID>8500270a</DeviceID>
    <DeviceOSURL>/com.qnx.coreos.qcfm.os.qc8960.factory_sfi{1}/{0}/qc8960.factory_sfi{1}-{0}-nto+armle-v7+signed.bar</DeviceOSURL>
    <DeviceRadioURL>/com.qnx.qcfm.radio.qc8960.wtr/{0}/qc8960.wtr-{0}-nto+armle-v7+signed.bar</DeviceRadioURL>
    <DownloadOnly>0</DownloadOnly>
    <AfterOSVer>0.0.0.0</AfterOSVer>
    <BeforeOSVer>99.9.9.9</BeforeOSVer>
    <FriendlyName></FriendlyName>
  </DeviceListItem>
  <DeviceListItem>
    <Name>SQN100-3 Q10</Name>
    <DeviceID>8600270a</DeviceID>
    <DeviceOSURL>/com.qnx.coreos.qcfm.os.qc8960.factory_sfi{1}/{0}/qc8960.factory_sfi{1}-{0}-nto+armle-v7+signed.bar</DeviceOSURL>
    <DeviceRadioURL>/com.qnx.qcfm.radio.qc8960.wtr/{0}/qc8960.wtr-{0}-nto+armle-v7+signed.bar</DeviceRadioURL>
    <DownloadOnly>0</DownloadOnly>
    <AfterOSVer>0.0.0.0</AfterOSVer>
    <BeforeOSVer>99.9.9.9</BeforeOSVer>
    <FriendlyName></FriendlyName>
  </DeviceListItem>
  <DeviceListItem>
    <Name>SQN100-4 Q10</Name>
    <DeviceID>8c00270a</DeviceID>
    <DeviceOSURL>/com.qnx.coreos.qcfm.os.qc8960.factory_sfi{1}/{0}/qc8960.factory_sfi{1}-{0}-nto+armle-v7+signed.bar</DeviceOSURL>
    <DeviceRadioURL>/com.qnx.qcfm.radio.qc8960.wtr/{0}/qc8960.wtr-{0}-nto+armle-v7+signed.bar</DeviceRadioURL>
    <DownloadOnly>0</DownloadOnly>
    <AfterOSVer>0.0.0.0</AfterOSVer>
    <BeforeOSVer>99.9.9.9</BeforeOSVer>
    <FriendlyName></FriendlyName>
  </DeviceListItem>
  <DeviceListItem>
    <Name>SQN100-5 Q10</Name>
    <DeviceID>8700270a</DeviceID>
    <DeviceOSURL>/com.qnx.coreos.qcfm.os.qc8960.factory_sfi{1}/{0}/qc8960.factory_sfi{1}-{0}-nto+armle-v7+signed.bar</DeviceOSURL>
    <DeviceRadioURL>/com.qnx.qcfm.radio.qc8960.wtr/{0}/qc8960.wtr-{0}-nto+armle-v7+signed.bar</DeviceRadioURL>
    <DownloadOnly>0</DownloadOnly>
    <AfterOSVer>0.0.0.0</AfterOSVer>
    <BeforeOSVer>99.9.9.9</BeforeOSVer>
    <FriendlyName></FriendlyName>
  </DeviceListItem>
  <DeviceListItem>
    <Name>SQR100-1 Q5</Name>
    <DeviceID>84002a0a</DeviceID>
    <DeviceOSURL>/com.qnx.coreos.qcfm.os.qc8960.factory_sfi{1}/{0}/qc8960.factory_sfi{1}-{0}-nto+armle-v7+signed.bar</DeviceOSURL>
    <DeviceRadioURL>/com.qnx.qcfm.radio.qc8960.wtr/{0}/qc8960.wtr-{0}-nto+armle-v7+signed.bar</DeviceRadioURL>
    <DownloadOnly>0</DownloadOnly>
    <AfterOSVer>0.0.0.0</AfterOSVer>
    <BeforeOSVer>99.9.9.9</BeforeOSVer>
    <FriendlyName></FriendlyName>
  </DeviceListItem>
  <DeviceListItem>
    <Name>SQR100-2 Q5</Name>
    <DeviceID>85002a0a</DeviceID>
    <DeviceOSURL>/com.qnx.coreos.qcfm.os.qc8960.factory_sfi{1}/{0}/qc8960.factory_sfi{1}-{0}-nto+armle-v7+signed.bar</DeviceOSURL>
    <DeviceRadioURL>/com.qnx.qcfm.radio.qc8960.wtr/{0}/qc8960.wtr-{0}-nto+armle-v7+signed.bar</DeviceRadioURL>
    <DownloadOnly>0</DownloadOnly>
    <AfterOSVer>0.0.0.0</AfterOSVer>
    <BeforeOSVer>99.9.9.9</BeforeOSVer>
    <FriendlyName></FriendlyName>
  </DeviceListItem>
  <DeviceListItem>
    <Name>SQR100-3 Q5</Name>
    <DeviceID>86002a0a</DeviceID>
    <DeviceOSURL>/com.qnx.coreos.qcfm.os.qc8960.factory_sfi{1}/{0}/qc8960.factory_sfi{1}-{0}-nto+armle-v7+signed.bar</DeviceOSURL>
    <DeviceRadioURL>/com.qnx.qcfm.radio.qc8960.wtr/{0}/qc8960.wtr-{0}-nto+armle-v7+signed.bar</DeviceRadioURL>
    <DownloadOnly>0</DownloadOnly>
    <AfterOSVer>0.0.0.0</AfterOSVer>
    <BeforeOSVer>99.9.9.9</BeforeOSVer>
    <FriendlyName></FriendlyName>
  </DeviceListItem>
  <DeviceListItem>
    <Name>SQW100-1 Passport</Name>
    <DeviceID>87002c0a</DeviceID>
    <DeviceOSURL>/qc8960.factory_sfi_hybrid_qc8974{1}-{0}-nto+armle-v7+signed.bar</DeviceOSURL>
    <DeviceRadioURL>/com.qnx.qcfm.radio.qc8974.wtr2/{0}/qc8974.wtr2-{0}-nto+armle-v7+signed.bar</DeviceRadioURL>
    <DownloadOnly>0</DownloadOnly>
    <AfterOSVer>10.3.1.0</AfterOSVer>
    <BeforeOSVer>99.9.9.9</BeforeOSVer>
    <FriendlyName>Passport</FriendlyName>
  </DeviceListItem>
  <DeviceListItem>
    <Name>SQW100-2 Passport</Name>
    <DeviceID>85002c0a</DeviceID>
    <DeviceOSURL>/qc8960.factory_sfi_hybrid_qc8974{1}-{0}-nto+armle-v7+signed.bar</DeviceOSURL>
    <DeviceRadioURL>/com.qnx.qcfm.radio.qc8974.wtr2/{0}/qc8974.wtr2-{0}-nto+armle-v7+signed.bar</DeviceRadioURL>
    <DownloadOnly>0</DownloadOnly>
    <AfterOSVer>10.3.1.0</AfterOSVer>
    <BeforeOSVer>99.9.9.9</BeforeOSVer>
    <FriendlyName></FriendlyName>
  </DeviceListItem>
  <DeviceListItem>
    <Name>SQW100-3 Passport</Name>
    <DeviceID>84002c0a</DeviceID>
    <DeviceOSURL>/qc8960.factory_sfi_hybrid_qc8974{1}-{0}-nto+armle-v7+signed.bar</DeviceOSURL>
    <DeviceRadioURL>/com.qnx.qcfm.radio.qc8974.wtr2/{0}/qc8974.wtr2-{0}-nto+armle-v7+signed.bar</DeviceRadioURL>
    <DownloadOnly>0</DownloadOnly>
    <AfterOSVer>10.3.1.0</AfterOSVer>
    <BeforeOSVer>99.9.9.9</BeforeOSVer>
    <FriendlyName></FriendlyName>
  </DeviceListItem>
  <DeviceListItem>
    <Name>SQW100-4 Passport</Name>
    <DeviceID>8f002c0a</DeviceID>
    <DeviceOSURL>/qc8960.factory_sfi_hybrid_qc8974{1}-{0}-nto+armle-v7+signed.bar</DeviceOSURL>
    <DeviceRadioURL>/com.qnx.qcfm.radio.qc8974.wtr2/{0}/qc8974.wtr2-{0}-nto+armle-v7+signed.bar</DeviceRadioURL>
    <DownloadOnly>0</DownloadOnly>
    <AfterOSVer>10.3.1.0</AfterOSVer>
    <BeforeOSVer>99.9.9.9</BeforeOSVer>
    <FriendlyName></FriendlyName>
  </DeviceListItem>
  <DeviceListItem>
    <Name>STA100-1 Z30</Name>
    <DeviceID>8c00240a</DeviceID>
    <DeviceOSURL>/com.qnx.coreos.qcfm.os.qc8960.factory_sfi{1}/{0}/qc8960.factory_sfi{1}-{0}-nto+armle-v7+signed.bar</DeviceOSURL>
    <DeviceRadioURL>/com.qnx.qcfm.radio.qc8960.wtr5/{0}/qc8960.wtr5-{0}-nto+armle-v7+signed.bar</DeviceRadioURL>
    <DownloadOnly>0</DownloadOnly>
    <AfterOSVer>0.0.0.0</AfterOSVer>
    <BeforeOSVer>99.9.9.9</BeforeOSVer>
    <FriendlyName></FriendlyName>
  </DeviceListItem>
  <DeviceListItem>
    <Name>STA100-2 Z30</Name>
    <DeviceID>8d00240a</DeviceID>
    <DeviceOSURL>/com.qnx.coreos.qcfm.os.qc8960.factory_sfi{1}/{0}/qc8960.factory_sfi{1}-{0}-nto+armle-v7+signed.bar</DeviceOSURL>
    <DeviceRadioURL>/com.qnx.qcfm.radio.qc8960.wtr5/{0}/qc8960.wtr5-{0}-nto+armle-v7+signed.bar</DeviceRadioURL>
    <DownloadOnly>0</DownloadOnly>
    <AfterOSVer>0.0.0.0</AfterOSVer>
    <BeforeOSVer>99.9.9.9</BeforeOSVer>
    <FriendlyName></FriendlyName>
  </DeviceListItem>
  <DeviceListItem>
    <Name>STA100-3 Z30</Name>
    <DeviceID>8e00240a</DeviceID>
    <DeviceOSURL>/com.qnx.coreos.qcfm.os.qc8960.factory_sfi{1}/{0}/qc8960.factory_sfi{1}-{0}-nto+armle-v7+signed.bar</DeviceOSURL>
    <DeviceRadioURL>/com.qnx.qcfm.radio.qc8960.wtr5/{0}/qc8960.wtr5-{0}-nto+armle-v7+signed.bar</DeviceRadioURL>
    <DownloadOnly>0</DownloadOnly>
    <AfterOSVer>0.0.0.0</AfterOSVer>
    <BeforeOSVer>99.9.9.9</BeforeOSVer>
    <FriendlyName></FriendlyName>
  </DeviceListItem>
  <DeviceListItem>
    <Name>STA100-4 Z30</Name>
    <DeviceID>8f00240a</DeviceID>
    <DeviceOSURL>/com.qnx.coreos.qcfm.os.qc8960.factory_sfi{1}/{0}/qc8960.factory_sfi{1}-{0}-nto+armle-v7+signed.bar</DeviceOSURL>
    <DeviceRadioURL>/com.qnx.qcfm.radio.qc8960.wtr5/{0}/qc8960.wtr5-{0}-nto+armle-v7+signed.bar</DeviceRadioURL>
    <DownloadOnly>0</DownloadOnly>
    <AfterOSVer>0.0.0.0</AfterOSVer>
    <BeforeOSVer>99.9.9.9</BeforeOSVer>
    <FriendlyName></FriendlyName>
  </DeviceListItem>
  <DeviceListItem>
    <Name>STA100-5 Z30</Name>
    <DeviceID>9500240a</DeviceID>
    <DeviceOSURL>/com.qnx.coreos.qcfm.os.qc8960.factory_sfi{1}/{0}/qc8960.factory_sfi{1}-{0}-nto+armle-v7+signed.bar</DeviceOSURL>
    <DeviceRadioURL>/com.qnx.qcfm.radio.qc8960.wtr5/{0}/qc8960.wtr5-{0}-nto+armle-v7+signed.bar</DeviceRadioURL>
    <DownloadOnly>0</DownloadOnly>
    <AfterOSVer>0.0.0.0</AfterOSVer>
    <BeforeOSVer>99.9.9.9</BeforeOSVer>
    <FriendlyName></FriendlyName>
  </DeviceListItem>
  <DeviceListItem>
    <Name>STA100-6 Z30</Name>
    <DeviceID>b500240a</DeviceID>
    <DeviceOSURL>/com.qnx.coreos.qcfm.os.qc8960.factory_sfi{1}/{0}/qc8960.factory_sfi{1}-{0}-nto+armle-v7+signed.bar</DeviceOSURL>
    <DeviceRadioURL>/com.qnx.qcfm.radio.qc8960.wtr5/{0}/qc8960.wtr5-{0}-nto+armle-v7+signed.bar</DeviceRadioURL>
    <DownloadOnly>0</DownloadOnly>
    <AfterOSVer>0.0.0.0</AfterOSVer>
    <BeforeOSVer>99.9.9.9</BeforeOSVer>
    <FriendlyName></FriendlyName>
  </DeviceListItem>
  <DeviceListItem>
    <Name>STA100-9 Z30</Name>
    <DeviceID>ad00240a</DeviceID>
    <DeviceOSURL>/com.qnx.coreos.qcfm.os.qc8960.factory_sfi{1}/{0}/qc8960.factory_sfi{1}-{0}-nto+armle-v7+signed.bar</DeviceOSURL>
    <DeviceRadioURL>/com.qnx.qcfm.radio.qc8960.wtr5/{0}/qc8960.wtr5-{0}-nto+armle-v7+signed.bar</DeviceRadioURL>
    <DownloadOnly>0</DownloadOnly>
    <AfterOSVer>0.0.0.0</AfterOSVer>
    <BeforeOSVer>99.9.9.9</BeforeOSVer>
    <FriendlyName></FriendlyName>
  </DeviceListItem>
  <DeviceListItem>
    <Name>STJ100-1 Z3</Name>
    <DeviceID>04002e07</DeviceID>
    <DeviceOSURL>/qc8960.factory_sfi_hybrid_qc8x30{1}-{0}-nto+armle-v7+signed.bar</DeviceOSURL>
    <DeviceRadioURL>/com.qnx.qcfm.radio.qc8930.wtr5/{0}/qc8930.wtr5-{0}-nto+armle-v7+signed.bar</DeviceRadioURL>
    <DownloadOnly>0</DownloadOnly>
    <AfterOSVer>10.3.1.2601</AfterOSVer>
    <BeforeOSVer>99.3.1.8000</BeforeOSVer>
    <FriendlyName>Z3</FriendlyName>
  </DeviceListItem>
  <DeviceListItem>
    <Name>STJ100-2 Z3</Name>
    <DeviceID>05002e07</DeviceID>
    <DeviceOSURL>/qc8960{1}.factory_sfi_hybrid_qc8x30{1}-{0}-nto+armle-v7+signed.bar</DeviceOSURL>
    <DeviceRadioURL>/com.qnx.qcfm.radio.qc8930.wtr5/{0}/qc8930.wtr5-{0}-nto+armle-v7+signed.bar</DeviceRadioURL>
    <DownloadOnly>0</DownloadOnly>
    <AfterOSVer>10.3.1.2601</AfterOSVer>
    <BeforeOSVer>99.9.9.9</BeforeOSVer>
    <FriendlyName></FriendlyName>
  </DeviceListItem>
  <DeviceListItem>
    <Name>STM100-1</Name>
    <DeviceID>05002e0a</DeviceID>
    <DeviceOSURL>/com.qnx.coreos.qcfm.os.qc8960.factory_sfi{1}/{0}/qc8960.factory_sfi{1}-{0}-nto+armle-v7+signed.bar</DeviceOSURL>
    <DeviceRadioURL>/com.qnx.qcfm.radio.qc8960.wtr5/{0}/qc8960.wtr5-{0}-nto+armle-v7+signed.bar</DeviceRadioURL>
    <DownloadOnly>0</DownloadOnly>
    <AfterOSVer>0.0.0.0</AfterOSVer>
    <BeforeOSVer>99.9.9.9</BeforeOSVer>
    <FriendlyName></FriendlyName>
  </DeviceListItem>
  <DeviceListItem>
    <Name>STM100-2</Name>
    <DeviceID>04002e0a</DeviceID>
    <DeviceOSURL>/com.qnx.coreos.qcfm.os.qc8960.factory_sfi{1}/{0}/qc8960.factory_sfi{1}-{0}-nto+armle-v7+signed.bar</DeviceOSURL>
    <DeviceRadioURL>/com.qnx.qcfm.radio.qc8960.wtr5/{0}/qc8960.wtr5-{0}-nto+armle-v7+signed.bar</DeviceRadioURL>
    <DownloadOnly>0</DownloadOnly>
    <AfterOSVer>0.0.0.0</AfterOSVer>
    <BeforeOSVer>99.9.9.9</BeforeOSVer>
    <FriendlyName></FriendlyName>
  </DeviceListItem>
  <DeviceListItem>
    <Name>STR100-1 Leap</Name>
    <DeviceID>07002e0a</DeviceID>
    <DeviceOSURL>/com.qnx.coreos.qcfm.os.qc8960.factory_sfi{1}/{0}/qc8960.factory_sfi{1}-{0}-nto+armle-v7+signed.bar</DeviceOSURL>
    <DeviceRadioURL>/com.qnx.qcfm.radio.qc8960.wtr5/{0}/qc8960.wtr5-{0}-nto+armle-v7+signed.bar</DeviceRadioURL>
    <DownloadOnly>0</DownloadOnly>
    <AfterOSVer>0.0.0.0</AfterOSVer>
    <BeforeOSVer>99.9.9.9</BeforeOSVer>
    <FriendlyName></FriendlyName>
  </DeviceListItem>
  <DeviceListItem>
    <Name>STR100-2 Leap</Name>
    <DeviceID>06002e0a</DeviceID>
    <DeviceOSURL>/com.qnx.coreos.qcfm.os.qc8960.factory_sfi{1}/{0}/qc8960.factory_sfi{1}-{0}-nto+armle-v7+signed.bar</DeviceOSURL>
    <DeviceRadioURL>/com.qnx.qcfm.radio.qc8960.wtr5/{0}/qc8960.wtr5-{0}-nto+armle-v7+signed.bar</DeviceRadioURL>
    <DownloadOnly>0</DownloadOnly>
    <AfterOSVer>0.0.0.0</AfterOSVer>
    <BeforeOSVer>99.9.9.9</BeforeOSVer>    <FriendlyName></FriendlyName>
  </DeviceListItem>
  <DeviceListItem>
    <Name>STK100-1 P9982</Name>
    <DeviceID>a500240a</DeviceID>
    <DeviceOSURL>/com.qnx.coreos.qcfm.os.qc8960.factory_sfi{1}/{0}/qc8960.factory_sfi{1}-{0}-nto+armle-v7+signed.bar</DeviceOSURL>
    <DeviceRadioURL>/com.qnx.qcfm.radio.qc8960/{0}/qc8960-{0}-nto+armle-v7+signed.bar</DeviceRadioURL>
    <DownloadOnly>0</DownloadOnly>
    <AfterOSVer>0.0.0.0</AfterOSVer>
    <BeforeOSVer>99.9.9.9</BeforeOSVer>
    <FriendlyName></FriendlyName>
  </DeviceListItem>
  <DeviceListItem>
    <Name>SQK100-1 P9983</Name>
    <DeviceID>8f00270a</DeviceID>
    <DeviceOSURL>/com.qnx.coreos.qcfm.os.qc8960.factory_sfi{1}/{0}/qc8960.factory_sfi{1}-{0}-nto+armle-v7+signed.bar</DeviceOSURL>
    <DeviceRadioURL>/com.qnx.qcfm.radio.qc8960.wtr/{0}/qc8960.wtr-{0}-nto+armle-v7+signed.bar</DeviceRadioURL>
    <DownloadOnly>0</DownloadOnly>
    <AfterOSVer>0.0.0.0</AfterOSVer>
    <BeforeOSVer>99.9.9.9</BeforeOSVer>
    <FriendlyName></FriendlyName>
  </DeviceListItem>
  <DeviceListItem>
    <Name>STL100-1 Z10</Name>
    <DeviceID>04002607</DeviceID>
    <DeviceOSURL>/com.qnx.coreos.qcfm.os.factory{1}/{0}/winchester.factory_sfi{1}-{0}-nto+armle-v7+signed.bar</DeviceOSURL>
    <DeviceRadioURL>/com.qnx.qcfm.radio.m5730/{0}/m5730-{0}-nto+armle-v7+signed.bar</DeviceRadioURL>
    <DownloadOnly>0</DownloadOnly>
    <AfterOSVer>0.0.0.0</AfterOSVer>
    <BeforeOSVer>99.9.9.9</BeforeOSVer>
    <FriendlyName>Z10 STL100-1</FriendlyName>
  </DeviceListItem>
  <DeviceListItem>
    <Name>STL100-2 Z10</Name>
    <DeviceID>8700240a</DeviceID>
    <DeviceOSURL>/com.qnx.coreos.qcfm.os.qc8960.factory_sfi{1}/{0}/qc8960.factory_sfi{1}-{0}-nto+armle-v7+signed.bar</DeviceOSURL>
    <DeviceRadioURL>/com.qnx.qcfm.radio.qc8960/{0}/qc8960-{0}-nto+armle-v7+signed.bar</DeviceRadioURL>
    <DownloadOnly>0</DownloadOnly>
    <AfterOSVer>0.0.0.0</AfterOSVer>
    <BeforeOSVer>99.9.9.9</BeforeOSVer>
    <FriendlyName>Z10 STL100-2/3/4</FriendlyName>
  </DeviceListItem>
  <DeviceListItem>
    <Name>STL100-3 Z10</Name>
    <DeviceID>8500240a</DeviceID>
    <DeviceOSURL>/com.qnx.coreos.qcfm.os.qc8960.factory_sfi{1}/{0}/qc8960.factory_sfi{1}-{0}-nto+armle-v7+signed.bar</DeviceOSURL>
    <DeviceRadioURL>/com.qnx.qcfm.radio.qc8960/{0}/qc8960-{0}-nto+armle-v7+signed.bar</DeviceRadioURL>
    <DownloadOnly>0</DownloadOnly>
    <AfterOSVer>0.0.0.0</AfterOSVer>
    <BeforeOSVer>99.9.9.9</BeforeOSVer>
    <FriendlyName></FriendlyName>
  </DeviceListItem>
  <DeviceListItem>
    <Name>STL100-4 Z10</Name>
    <DeviceID>8400240a</DeviceID>
    <DeviceOSURL>/com.qnx.coreos.qcfm.os.qc8960.factory_sfi{1}/{0}/qc8960.factory_sfi{1}-{0}-nto+armle-v7+signed.bar</DeviceOSURL>
    <DeviceRadioURL>/com.qnx.qcfm.radio.qc8960.omadm/{0}/qc8960.omadm-{0}-nto+armle-v7+signed.bar</DeviceRadioURL>
    <DownloadOnly>0</DownloadOnly>
    <AfterOSVer>0.0.0.0</AfterOSVer>
    <BeforeOSVer>99.9.9.9</BeforeOSVer>
    <FriendlyName></FriendlyName>
  </DeviceListItem>
  
  
  
<!-- 
Extra devices where the version affects the URL.  

-->  
    <DeviceListItem>
    <Name>SQW100-1 Passport</Name>
    <DeviceID>87002c0a</DeviceID>
    <DeviceOSURL>/com.qnx.coreos.qcfm.os.qc8974.factory_sfi.desktop/{1}/qc8974.factory_sfi.desktop-{1}-nto+armle-v7+signed.bar\">http://cdn.fs.sl.blackberry.com/fs/qnx/production/{0}/com.qnx.coreos.qcfm.os.qc8974.factory_sfi{1}/{0}/qc8974.factory_sfi{1}-{0}-nto+armle-v7+signed.bar</DeviceOSURL>
    <DeviceRadioURL>/com.qnx.qcfm.radio.qc8974.wtr2/{0}/qc8974.wtr2-{0}-nto+armle-v7+signed.bar</DeviceRadioURL>
    <DownloadOnly>1</DownloadOnly>
    <AfterOSVer>0.0.0.0</AfterOSVer>
    <BeforeOSVer>10.2.2.8096</BeforeOSVer>
    <FriendlyName>Passport</FriendlyName>
  </DeviceListItem>
  <DeviceListItem>
    <Name>SQW100-2 Passport</Name>
    <DeviceID>85002c0a</DeviceID>
    <DeviceOSURL>/com.qnx.coreos.qcfm.os.qc8974.factory_sfi.desktop/{1}/qc8974.factory_sfi.desktop-{1}-nto+armle-v7+signed.bar\">http://cdn.fs.sl.blackberry.com/fs/qnx/production/{0}/com.qnx.coreos.qcfm.os.qc8974.factory_sfi{1}/{0}/qc8974.factory_sfi{1}-{0}-nto+armle-v7+signed.bar</DeviceOSURL>
    <DeviceRadioURL>/com.qnx.qcfm.radio.qc8974.wtr2/{0}/qc8974.wtr2-{0}-nto+armle-v7+signed.bar</DeviceRadioURL>
    <DownloadOnly>1</DownloadOnly>
    <AfterOSVer>10.2.1.0</AfterOSVer>
    <BeforeOSVer>10.2.1.8096</BeforeOSVer>
    <FriendlyName></FriendlyName>
  </DeviceListItem>
  <DeviceListItem>
    <Name>SQW100-3 Passport</Name>
    <DeviceID>84002c0a</DeviceID>
    <DeviceOSURL>/com.qnx.coreos.qcfm.os.qc8974.factory_sfi.desktop/{1}/qc8974.factory_sfi.desktop-{1}-nto+armle-v7+signed.bar\">http://cdn.fs.sl.blackberry.com/fs/qnx/production/{0}/com.qnx.coreos.qcfm.os.qc8974.factory_sfi{1}/{0}/qc8974.factory_sfi{1}-{0}-nto+armle-v7+signed.bar</DeviceOSURL>
    <DeviceRadioURL>/com.qnx.qcfm.radio.qc8974.wtr2/{0}/qc8974.wtr2-{0}-nto+armle-v7+signed.bar</DeviceRadioURL>
    <DownloadOnly>1</DownloadOnly>
    <AfterOSVer>10.2.1.0</AfterOSVer>
    <BeforeOSVer>10.2.2.8096</BeforeOSVer>
    <FriendlyName></FriendlyName>
  </DeviceListItem>
  <DeviceListItem>
    <Name>SQW100-4 Passport</Name>
    <DeviceID>8f002c0a</DeviceID>
    <DeviceOSURL>/com.qnx.coreos.qcfm.os.qc8974.factory_sfi.desktop/{1}/qc8974.factory_sfi.desktop-{1}-nto+armle-v7+signed.bar\">http://cdn.fs.sl.blackberry.com/fs/qnx/production/{0}/com.qnx.coreos.qcfm.os.qc8974.factory_sfi{1}/{0}/qc8974.factory_sfi{1}-{0}-nto+armle-v7+signed.bar</DeviceOSURL>
    <DeviceRadioURL>/com.qnx.qcfm.radio.qc8974.wtr2/{0}/qc8974.wtr2-{0}-nto+armle-v7+signed.bar</DeviceRadioURL>
    <DownloadOnly>1</DownloadOnly>
    <AfterOSVer>10.2.1.0</AfterOSVer>
    <BeforeOSVer>10.2.2.8096</BeforeOSVer>
    <FriendlyName></FriendlyName>
  </DeviceListItem>
  <DeviceListItem>
    <Name>STJ100-1 Z3</Name>
    <DeviceID>04002e07</DeviceID>
    <DeviceOSURL>/com.qnx.coreos.qcfm.os.qc8960.factory_sfi{1}/{0}/qc8960.factory_sfi{1}-{0}-nto+armle-v7+signed.bar</DeviceOSURL>
    <DeviceRadioURL>/com.qnx.qcfm.radio.qc8930.wtr5/{0}/qc8930.wtr5-{0}-nto+armle-v7+signed.bar</DeviceRadioURL>
    <DownloadOnly>1</DownloadOnly>
    <AfterOSVer>10.2.1.2977</AfterOSVer>
    <BeforeOSVer>10.2.1.8000</BeforeOSVer>
    <FriendlyName>Z3</FriendlyName>
  </DeviceListItem>
  <DeviceListItem>
    <Name>STJ100-2 Z3</Name>
    <DeviceID>05002e07</DeviceID>
    <DeviceOSURL>/com.qnx.coreos.qcfm.os.qc8960.factory_sfi{1}/{0}/qc8960.factory_sfi{1}-{0}-nto+armle-v7+signed.bar</DeviceOSURL>
    <DeviceRadioURL>/com.qnx.qcfm.radio.qc8930.wtr5/{0}/qc8930.wtr5-{0}-nto+armle-v7+signed.bar</DeviceRadioURL>
    <DownloadOnly>1</DownloadOnly>
    <AfterOSVer>10.2.1.2977</AfterOSVer>
    <BeforeOSVer>10.2.1.8000</BeforeOSVer>
    <FriendlyName></FriendlyName>
  </DeviceListItem>
  <DeviceListItem>
    <Name>STJ100-1 Z3</Name>
    <DeviceID>04002e07</DeviceID>
    <DeviceOSURL>/com.qnx.qcfm.os.qc8960.factory_sfi_hybrid_qc8x30{1}/{0}/qc8960.factory_sfi_hybrid_qc8x30{1}-{0}-nto+armle-v7+signed.bar</DeviceOSURL>
    <DeviceRadioURL>/com.qnx.qcfm.radio.qc8930.wtr5/{0}/qc8930.wtr5-{0}-nto+armle-v7+signed.bar</DeviceRadioURL>
    <DownloadOnly>1</DownloadOnly>
    <AfterOSVer>10.3.1.0</AfterOSVer>
    <BeforeOSVer>10.3.1.2600</BeforeOSVer>
    <FriendlyName>Z3</FriendlyName>
  </DeviceListItem>
  <DeviceListItem>
    <Name>STJ100-2 Z3</Name>
    <DeviceID>05002e07</DeviceID>
    <DeviceOSURL>/com.qnx.qcfm.os.qc8960.factory_sfi_hybrid_qc8x30{1}/{0}/qc8960.factory_sfi_hybrid_qc8x30{1}-{0}-nto+armle-v7+signed.bar</DeviceOSURL>
    <DeviceRadioURL>/com.qnx.qcfm.radio.qc8930.wtr5/{0}/qc8930.wtr5-{0}-nto+armle-v7+signed.bar</DeviceRadioURL>
    <DownloadOnly>1</DownloadOnly>
    <AfterOSVer>10.3.1.0</AfterOSVer>
    <BeforeOSVer>10.3.1.2600</BeforeOSVer>
    <FriendlyName></FriendlyName>
  </DeviceListItem>
</ArrayOfDeviceListItem>
