<model>
<column loop="false">
<hour value="00" />
<hour value="01" />
<hour value="02" />
<hour value="03" />
<hour value="04" />
<hour value="05" />
<hour value="06" />
<hour value="07" />
<hour value="08" />
<hour value="09" />
<hour value="10" />
<hour value="11" />
<hour value="12" />
<hour value="13" />
<hour value="14" />
<hour value="15" />
<hour value="16" />
<hour value="17" />
<hour value="18" />
<hour value="19" />
<hour value="20" />
<hour value="21" />
<hour value="22" />
<hour value="23" />
  </column>
  
  <column loop="false">
  <min value="00" />
  <min value="01" />
  <min value="02" />
  <min value="03" />
  <min value="04" />
  <min value="05" />
  <min value="06" />
  <min value="07" />
  <min value="08" />
  <min value="09" />
  <min value="10" />
  <min value="11" />
  <min value="12" />
  <min value="13" />
  <min value="14" />
  <min value="15" />
  <min value="16" />
  <min value="17" />
  <min value="18" />
  <min value="19" />
  <min value="20" />
  <min value="21" />
  <min value="22" />
  <min value="23" />
  <min value="24" />
  <min value="25" />
  <min value="26" />
  <min value="27" />
  <min value="28" />
  <min value="29" />
  <min value="30" />
  <min value="31" />
  <min value="32" />
  <min value="33" />
  <min value="34" />
  <min value="35" />
  <min value="36" />
  <min value="37" />
  <min value="38" />
  <min value="39" />
  <min value="40" />
  <min value="41" />
  <min value="42" />
  <min value="43" />
  <min value="44" />
  <min value="45" />
  <min value="46" />
  <min value="47" />
  <min value="48" />
  <min value="49" />
  <min value="50" />
  <min value="51" />
  <min value="52" />
  <min value="53" />
  <min value="54" />
  <min value="55" />
  <min value="56" />
  <min value="57" />
  <min value="58" />
  <min value="59" />
  </column>
 
</model>