<model>
	<item page="0" image="asset:///images/icon_splash.png" description="Welcome to Star Player" subTitle="Swipe left or press the 'Next' Button"/>
	<item page="1" image="asset:///images/Tutorial/home_icon.png" description="Background Playing"  subTitle="No more pausing when hidden, Star Player will continue to play when mimimised or the device is locked"/>
	<item page="2" image="asset:///images/Tutorial/play.png" description="Quickly play from The Homescreen" subTitle="With Star Player you can create Homescreen shortcuts for Videos, Music, Internet Radio and even Playlists" />
	<item page="3" image="asset:///images/Tutorial/music.png" description="Change Equaliser Preset" subTitle="Choose from all 17 Equaliser Presets avaliable on BlackBerry 10" />
	<item page="4" image="asset:///images/Tutorial/colours.png" description="Customise Your Star Player" subTitle="You can customise your experience with a selection of colours and light and dark themes"/>
   <item page="5" image="asset:///images/pin_pinnedMediaLarge.png" description="Pin Media To Your Star Player" subTitle="You can pin your media to the Home of Star Player for one touch access to your favourite Music, Videos, Internet Radio Stations and more!
You can even play a short preview of your videos just by long pressing and holding a Pinned Video!"/>
	 <item page="6" image= "asset:///images/Tutorial/car_mode.png" description="Drive And Listen Safely" subTitle="Use your BlackBerry for music while driving? Star Player comes with a Car Mode for controlling your media while keeping your eyes on the road, including extended controls."/>
	<item page="7" image="asset:///images/Tutorial/lock.png" description="Password Protecting" subTitle= "Worried about prying eyes? Star Player can easily password protect your Favourites, Recently Played and In App Voice Recordings" />
    <item page="8" image= "asset:///images/Tutorial/night_mode.png" description="Night Mode" subTitle="Suffer from screen glare at night? Star Player has it covered, Night Mode dims the UI and places an adjustable dark layer over the Video you are watching"/>
    <item page="9" image="asset:///images/Tutorial/tick.png" description="Let's Get Started" subTitle="Press the done button to continue" />
</model>